{
  "model": "gpt2",
  "num_steps": 500,
  "batch_size": 8,
  "final_loss": 9.261504173278809,
  "total_time_seconds": 23.487088441848755,
  "steps_per_second": 21.288292128585486
}