{
  "config": {
    "model_name": "roberta-large",
    "dataset": "SST-2",
    "num_steps": 100,
    "batch_size": 64,
    "learning_rate": 1e-06,
    "epsilon": 0.001,
    "eval_interval": 50,
    "checkpoint_interval": 100,
    "max_seq_length": 128,
    "seed": 42,
    "output_dir": "./roberta_sst2_mlm_checkpoints",
    "template": "It was [MASK].",
    "label_words": {
      "0": "terrible",
      "1": "great"
    }
  },
  "final_state": {
    "step": 100,
    "best_accuracy": 0.7802734375,
    "best_step": 50,
    "train_losses": [
      0.44736847281455994,
      0.5262397229671478,
      0.47337234020233154,
      0.5206892788410187,
      0.408368319272995,
      0.5618217587471008,
      0.43480557203292847,
      0.505433201789856,
      0.31353044509887695,
      0.5305612683296204,
      0.3730916380882263,
      0.40925106406211853,
      0.403173491358757,
      0.5535443127155304,
      0.4337876886129379,
      0.47089290618896484,
      0.407876193523407,
      0.4275476485490799,
      0.5319563746452332,
      0.4157024174928665,
      0.5054354965686798,
      0.3174784630537033,
      0.3724122792482376,
      0.4362870156764984,
      0.47569915652275085,
      0.503680408000946,
      0.49490343034267426,
      0.4518796354532242,
      0.3930807560682297,
      0.46061402559280396,
      0.4497641772031784,
      0.33147282898426056,
      0.5536602139472961,
      0.4506613314151764,
      0.4394489824771881,
      0.5043813586235046,
      0.421901598572731,
      0.43606598675251007,
      0.43273091316223145,
      0.4610934406518936,
      0.47725874185562134,
      0.4162100702524185,
      0.48871830105781555,
      0.40912529826164246,
      0.43463514745235443,
      0.48115430772304535,
      0.4528549462556839,
      0.4997796565294266,
      0.4994827061891556,
      0.39343298971652985,
      0.4246199131011963,
      0.49340663850307465,
      0.4362826347351074,
      0.38548852503299713,
      0.46155400574207306,
      0.43000560998916626,
      0.40790002048015594,
      0.4804385155439377,
      0.5813858211040497,
      0.4357883930206299,
      0.4760269969701767,
      0.3754524737596512,
      0.4393550604581833,
      0.39347143471241,
      0.4802995026111603,
      0.4005013257265091,
      0.35911424458026886,
      0.4868216812610626,
      0.42569856345653534,
      0.4436975568532944,
      0.39820487797260284,
      0.515973687171936,
      0.45592911541461945,
      0.4879269450902939,
      0.5691394805908203,
      0.511788547039032,
      0.44238823652267456,
      0.4299195259809494,
      0.5081512033939362,
      0.5369859933853149,
      0.5737307369709015,
      0.3894959092140198,
      0.45550210773944855,
      0.42338283360004425,
      0.456414595246315,
      0.43516387045383453,
      0.43398529291152954,
      0.45264844596385956,
      0.40549492835998535,
      0.5486563444137573,
      0.4168142229318619,
      0.5086084604263306,
      0.5646417140960693,
      0.45359182357788086,
      0.4952036440372467,
      0.49249523878097534,
      0.5437333285808563,
      0.46004247665405273,
      0.45953916013240814,
      0.47712354362010956
    ],
    "eval_accuracies": [
      0.7802734375,
      0.7802734375,
      0.7802734375
    ],
    "eval_losses": [
      0.47208392433822155,
      0.47207102086395025,
      0.47204486932605505
    ],
    "eval_steps": [
      0,
      50,
      100
    ],
    "kv_cache_stats": {}
  },
  "radix_stats": {
    "cache_hit_rate": 0.0,
    "token_reuse_rate": 0.0,
    "total_forward_passes": 0,
    "cache_hits": 0,
    "tokens_reused": 0,
    "tokens_computed": 0
  }
}